[Header],,,,,,
Investigator Name,Joe Bloggs,,,,,
Project Name,,,,,,
Experiment Name,Pre-pilot,,,,,
Date,14/02/2006,,,,,

[Data],,,,,,
Sample_Name,Sample_Well,Sample_Plate,Sample_Group,Pool_ID,Sentrix_ID,Sentrix_Position
IH-1,,,IH,,1475542114,A
IC-1,,,IC,,1475542114,B
IH-2,,,IH,,1475542114,C
MC-1,,,MC,,1475542114,D
MD-1,,,MD,,1475542114,E
MT-1,,,MT,,1475542114,F
IC-2,,,IC,,1475542110,A
IH-3,,,IH,,1475542110,B
IC-3,,,IC,,1475542110,C
P-3,,,P,,1475542110,D
P-4,,,P,,1475542110,E
Norm-1,,,Norm,,1475542110,F
MC-2,,,MC,,1475542113,A
MD-2,,,MD,,1475542113,B
MT-2,,,MT,,1475542113,C
P-1,,,P,,1475542113,D
Norm-2,,,Norm,,1475542113,E
P-2,,,P,,1475542113,F
